{
    "size": 48,
    "minRange": 0.00010000000474975,
    "maxRange": 7.3499999046326
}