{"size":48,"minRange":9.999999960042e-13,"maxRange":3.2799999713898}