{"minRange":0.0010000000474975,"maxRange":7.3499999046326,"size":48}