{
    "size": 28,
    "minRange": 3.3787066863226e-18,
    "maxRange": 1.3899999856949
}